<?xml version="1.0" encoding="utf-8"?>
<!DOCTYPE dmh SYSTEM "200701.dtd">
<cn_notice_info>
  <notice_name name="通知书名称">缴费通知书</notice_name>
  <postcode name="邮编">528403</postcode>
  <address_info name="收件人地址">广东省中山市孙文东路639号 广东中亿律师事务所</address_info>
  <receiver_name name="收件人姓名">杜海江(13549855183)</receiver_name>
  <notice_sent name="通知书发文信息">
    <notice_sent_serial name="发文序列号">2019062800475420</notice_sent_serial>
    <notice_sent_date name="发文日期">20190703</notice_sent_date>
    <notice_sent_type name="发文类型">0</notice_sent_type>
  </notice_sent>

  <application_number name="申请号或专利号">2016205055109</application_number>
  <applicant_info name="申请人信息">
    <applicant_name seq="1" name="申请人名称">王元元</applicant_name>
  </applicant_info>

  <invention_title name="发明创造名称">一种防渗油温度传感器</invention_title>
  <patent_agency name="代理机构信息">
    <agency_name name="代理机构名称">广东中亿律师事务所</agency_name>
    <agency_code name="代理机构代码">44277</agency_code>
    <agent_info seq="1" name="第一代理人信息">
      <agent_name name="代理人姓名">杜海江</agent_name>
      <agent_workid name="代理人工作证号">4427710583.9</agent_workid>
      <agent_phone name="代理人电话">13549855183</agent_phone>
    </agent_info>

    <agent_info seq="2" name="第二代理人信息">
      <agent_name name="代理人姓名"/>
      <agent_workid name="代理人工作证号"/>
      <agent_phone name="代理人电话"/>
    </agent_info>
  </patent_agency>

  <pay_deadline_date name="缴费截止日期">20191127</pay_deadline_date>
  <fee_info>
    <fee seq="1">
      <pay_start_time name="缴费开始时间">20190628</pay_start_time>
      <pay_end_time name="缴费截止时间">20190729</pay_end_time>
      <annual_fee name="年费">135.0</annual_fee>
      <late_fee name="滞纳金额">45.0</late_fee>
      <totle_fee name="费用总金额">180.0</totle_fee>
    </fee>

    <fee seq="2">
      <pay_start_time name="缴费开始时间">20190730</pay_start_time>
      <pay_end_time name="缴费截止时间">20190827</pay_end_time>
      <annual_fee name="年费">135.0</annual_fee>
      <late_fee name="滞纳金额">90.0</late_fee>
      <totle_fee name="费用总金额">225.0</totle_fee>
    </fee>

    <fee seq="3">
      <pay_start_time name="缴费开始时间">20190828</pay_start_time>
      <pay_end_time name="缴费截止时间">20190927</pay_end_time>
      <annual_fee name="年费">135.0</annual_fee>
      <late_fee name="滞纳金额">135.0</late_fee>
      <totle_fee name="费用总金额">270.0</totle_fee>
    </fee>

    <fee seq="4">
      <pay_start_time name="缴费开始时间">20190928</pay_start_time>
      <pay_end_time name="缴费截止时间">20191028</pay_end_time>
      <annual_fee name="年费">135.0</annual_fee>
      <late_fee name="滞纳金额">180.0</late_fee>
      <totle_fee name="费用总金额">315.0</totle_fee>
    </fee>

    <fee seq="5">
      <pay_start_time name="缴费开始时间">20191029</pay_start_time>
      <pay_end_time name="缴费截止时间">20191127</pay_end_time>
      <annual_fee name="年费">135.0</annual_fee>
      <late_fee name="滞纳金额">225.0</late_fee>
      <totle_fee name="费用总金额">360.0</totle_fee>
    </fee>
  </fee_info>

  <annual_year name="缴费年费年度">4</annual_year>
  <examiner_name name="审查员">邓玉洁</examiner_name>
  <department name="审查部门">专利局初审及流程管理部</department>
  <phone name="联系电话">010-62356655</phone>
  <notice_template_code name="通知书模板代码">200701</notice_template_code>
  <notice_version name="通知书版本号">2010.4</notice_version>
</cn_notice_info>

