<?xml version="1.0" encoding="utf-8"?>
<!DOCTYPE dmh SYSTEM "210308.dtd">
<cn_notice_info>
  <notice_name name="通知书名称">发明专利申请公布及进入实质审查通知书</notice_name>
  <postcode name="邮编">528403</postcode>
  <address_info name="收件人地址">广东省中山市孙文东路639号 广东中亿律师事务所</address_info>
  <receiver_name name="收件人姓名">王向东(0760-88886258)</receiver_name>
  <notice_sent name="通知书发文信息">
    <notice_sent_serial name="发文序列号">2018050200233000</notice_sent_serial>
    <notice_sent_date name="发文日期">20180509</notice_sent_date>
    <notice_sent_type name="发文类型">0</notice_sent_type>
  </notice_sent>

  <application_number name="申请号或专利号">2018100018643</application_number>
  <applicant_info name="申请人信息">
    <applicant_name seq="1" name="申请人名称">李宝坚</applicant_name>
  </applicant_info>

  <invention_title name="发明创造名称">一种指纹密码锁</invention_title>
  <patent_agency name="代理机构信息">
    <agency_name name="代理机构名称">广东中亿律师事务所</agency_name>
    <agency_code name="代理机构代码">44277</agency_code>
    <agent_info seq="1" name="第一代理人信息">
      <agent_name name="代理人姓名">王向东</agent_name>
      <agent_workid name="代理人工作证号">4427704451.9</agent_workid>
      <agent_phone name="代理人电话">0760-88886258</agent_phone>
    </agent_info>

    <agent_info seq="2" name="第二代理人信息">
      <agent_name name="代理人姓名"/>
      <agent_workid name="代理人工作证号"/>
      <agent_phone name="代理人电话"/>
    </agent_info>
  </patent_agency>

  <examiner_name name="审查员">卢曦</examiner_name>
  <department name="审查部门">专利局初审及流程管理部</department>
  <phone name="联系电话">62356655</phone>
  <notice_template_code name="通知书模板代码">210308</notice_template_code>
  <notice_version name="通知书版本号">2010.2</notice_version>
</cn_notice_info>

