<?xml version="1.0" encoding="UTF-8"?>
<!DOCTYPE dmh SYSTEM "20002101.dtd"><cn_notice_info>
  <notice_name name="通知书名称">费用减缓审批通知书</notice_name>
  <postcode name="邮编">528403</postcode>
  <address_info name="收件人地址">广东省中山市孙文东路639号</address_info>
  <receiver_name name="收件人姓名">广东中亿律师事务所 杜海江(0760-88886258)</receiver_name>
  <notice_sent name="通知书发文信息">
    <notice_sent_serial name="发文序列号">2018091400872310</notice_sent_serial>
    <notice_sent_date name="发文日期">20180914</notice_sent_date>
    <notice_sent_type name="发文类型">0</notice_sent_type>
  </notice_sent>

  <application_number name="申请号或专利号">2018305156956</application_number>
  <applicant_info name="申请人信息">
    <applicant_name seq="1" name="申请人名称">中山市灯下电器科技有限公司</applicant_name>
  </applicant_info>

  <invention_title name="发明创造名称">灭蚊灯（X6）</invention_title>
  <patent_agency name="代理机构信息">
    <agency_name name="代理机构名称">广东中亿律师事务所</agency_name>
    <agency_code name="代理机构代码">44277</agency_code>
    <agent_info seq="1" name="第一代理人信息">
      <agent_name name="代理人姓名">杜海江</agent_name>
      <agent_workid name="代理人工作证号">4427710583.9</agent_workid>
      <agent_phone name="代理人电话">0760-88886258</agent_phone>
    </agent_info>

    <agent_info seq="2" name="第二代理人信息">
      <agent_name name="代理人姓名"/>
      <agent_workid name="代理人工作证号"/>
      <agent_phone name="代理人电话"/>
    </agent_info>
  </patent_agency>

  <cost_slow_req_date name="费减请求日期">20180913</cost_slow_req_date>
  <cost_slow_mes name="费减记录">申请费、自授予专利权当年起十年的年费、复审费按85％的比例减缴。</cost_slow_mes>
  <pay_deadline_date name="缴费截止日期">20181113</pay_deadline_date>
  <fee_info_all name="所有费用信息">
    <fee_info name="费用信息">
      <fee seq="1">
        <fee_name name="费用种类">优先权要求费</fee_name>
        <fee_amount name="金额">0</fee_amount>
      </fee>

      <fee seq="2">
        <fee_name name="费用种类">申请费</fee_name>
        <fee_amount name="金额">75</fee_amount>
      </fee>
    </fee_info>

    <fee_total name="费用金额总计">75</fee_total>
  </fee_info_all>

  <cost_slow_rate_annul name="年费费减比例">85％</cost_slow_rate_annul>
  <examiner_name name="审查员">自动受理</examiner_name>
  <department name="审查部门">专利局初审及流程管理部</department>
  <notice_template_code name="通知书模板代码">20002101</notice_template_code>
  <notice_version name="通知书版本号">2010.4</notice_version>
</cn_notice_info>