﻿<?xml version="1.0" encoding="utf-8"?>
<data-bus>
  <QINGQIUXX>
    <DIANZISQAJID>3858b5ac-df5d-4055-8cfa-e471f118c88d</DIANZISQAJID>
    <SHENQINGFS>0</SHENQINGFS>
    <YEWULX>2</YEWULX>
    <WENJIANLX>1</WENJIANLX>
    <TIJIAORDM>
    </TIJIAORDM>
    <FAMINGMC>加湿器（HQ-JS826A）</FAMINGMC>
    <SHENQINGH>2018306668006</SHENQINGH>
    <WEINEIBH>
    </WEINEIBH>
    <GUOJISQH>
    </GUOJISQH>
    <NEIBUBH>
    </NEIBUBH>
    <BAOID>
    </BAOID>
  </QINGQIUXX>
  <WENJIANBYSXX>
    <BAOTOUXX>
      <WENJIANBBZ>
      </WENJIANBBZ>
      <WENJIANGS>2</WENJIANGS>
    </BAOTOUXX>
    <BAONEIWJXX>
      <WENJIANBZ>100006.xml</WENJIANBZ>
      <GESHILX>.XML</GESHILX>
      <BIAOGEDM>100006</BIAOGEDM>
      <XIANGDUILJ>100006\100006.xml</XIANGDUILJ>
      <DTDVersion>1.0</DTDVersion>
      <PAGES>1</PAGES>
      <COUNTS>0</COUNTS>
      <SHIFOUBZ>2</SHIFOUBZ>
      <WENJIANMC>补正书</WENJIANMC>
      <ZHENGMINGYT>
      </ZHENGMINGYT>
    </BAONEIWJXX>
    <BAONEIWJXX>
      <WENJIANBZ>130001.xml</WENJIANBZ>
      <GESHILX>.XML</GESHILX>
      <BIAOGEDM>130001</BIAOGEDM>
      <XIANGDUILJ>130001\130001.xml</XIANGDUILJ>
      <DTDVersion>1.0</DTDVersion>
      <PAGES>4</PAGES>
      <COUNTS>7</COUNTS>
      <SHIFOUBZ>5</SHIFOUBZ>
      <WENJIANMC>外观设计图片或照片</WENJIANMC>
      <ZHENGMINGYT>
      </ZHENGMINGYT>
    </BAONEIWJXX>
  </WENJIANBYSXX>
</data-bus>