<?xml version="1.0" encoding="utf-8"?>
<!DOCTYPE dmh SYSTEM "200602.dtd">
<cn_notice_info>
  <notice_name name="通知书名称">办理登记手续通知书</notice_name>
  <postcode name="邮编">528403</postcode>
  <address_info name="收件人地址">广东省中山市孙文东路639号 广东中亿律师事务所</address_info>
  <receiver_name name="收件人姓名">杜海江(0760-88886258)</receiver_name>
  <notice_sent name="通知书发文信息">
    <notice_sent_serial name="发文序列号">2018081400155080</notice_sent_serial>
    <notice_sent_date name="发文日期">20180817</notice_sent_date>
    <notice_sent_type name="发文类型">0</notice_sent_type>
  </notice_sent>

  <application_number name="申请号或专利号">2018300240748</application_number>
  <applicant_info name="申请人信息">
    <applicant_name seq="1" name="申请人名称">李培森</applicant_name>
  </applicant_info>

  <invention_title name="发明创造名称">工艺品摆件（喜上眉梢）</invention_title>
  <patent_agency name="代理机构信息">
    <agency_name name="代理机构名称">广东中亿律师事务所</agency_name>
    <agency_code name="代理机构代码">44277</agency_code>
    <agent_info seq="1" name="第一代理人信息">
      <agent_name name="代理人姓名">杜海江</agent_name>
      <agent_workid name="代理人工作证号">4427710583.9</agent_workid>
      <agent_phone name="代理人电话">0760-88886258</agent_phone>
    </agent_info>

    <agent_info seq="2" name="第二代理人信息">
      <agent_name name="代理人姓名"/>
      <agent_workid name="代理人工作证号"/>
      <agent_phone name="代理人电话"/>
    </agent_info>
  </patent_agency>

  <pay_deadline_date name="办理登记缴费截止日期">20181101</pay_deadline_date>
  <fee_info_all name="所有费用信息">
    <fee_info>
      <fee seq="1">
        <fee_name name="费用种类">登记费</fee_name>
        <fee_amount name="金额"/>
      </fee>

      <fee seq="2">
        <fee_name name="费用种类">年费</fee_name>
        <fee_amount name="金额">90.0</fee_amount>
      </fee>

      <fee seq="3">
        <fee_name name="费用种类">印花费</fee_name>
        <fee_amount name="金额">5.0</fee_amount>
      </fee>
    </fee_info>

    <fee_paid name="已缴费用"/>
    <fee_payable name="应缴费用"/>
    <annual_year name="缴纳年费年度">1</annual_year>
    <cost_slow_flag name="减缓标记">85%</cost_slow_flag>
  </fee_info_all>

  <examiner_name name="审查员">姚燕</examiner_name>
  <department name="审查部门">专利局初审及流程管理部</department>
  <phone name="联系电话">62356655</phone>
  <notice_template_code name="通知书模板代码">200602</notice_template_code>
  <notice_version name="通知书版本号">2010.4</notice_version>
</cn_notice_info>

