<?xml version="1.0" encoding="utf-8"?>
<!DOCTYPE dmh SYSTEM "20070202.dtd">
<cn_notice_info>
  <notice_name name="通知书名称">专利权终止通知书</notice_name>
  <postcode name="邮编">528403</postcode>
  <address_info name="收件人地址">广东省中山市孙文东路639号 广东中亿律师事务所</address_info>
  <receiver_name name="收件人姓名">杜海江(0760-88886258)</receiver_name>
  <notice_sent name="通知书发文信息">
    <notice_sent_serial name="发文序列号">2018081400200560</notice_sent_serial>
    <notice_sent_date name="发文日期">20180817</notice_sent_date>
    <notice_sent_type name="发文类型">0</notice_sent_type>
  </notice_sent>

  <application_number name="申请号或专利号">2016300074946</application_number>
  <applicant_info name="申请人信息">
    <applicant_name seq="1" name="申请人名称">中山乐宜嘉家居设备有限公司</applicant_name>
  </applicant_info>

  <invention_title name="发明创造名称">储水式电热水器（DPF05）</invention_title>
  <patent_agency name="代理机构信息">
    <agency_name name="代理机构名称">广东中亿律师事务所</agency_name>
    <agency_code name="代理机构代码">44277</agency_code>
    <agent_info seq="1" name="第一代理人信息">
      <agent_name name="代理人姓名">杜海江</agent_name>
      <agent_workid name="代理人工作证号">4427710583.9</agent_workid>
      <agent_phone name="代理人电话">0760-88886258</agent_phone>
    </agent_info>

    <agent_info seq="2" name="第二代理人信息">
      <agent_name name="代理人姓名"/>
      <agent_workid name="代理人工作证号"/>
      <agent_phone name="代理人电话"/>
    </agent_info>
  </patent_agency>

  <no_pay_annual_year name="未缴纳年费的年度">3</no_pay_annual_year>
  <patent_dead_date name="专利权终止日期">20180111</patent_dead_date>
  <examiner_name name="审查员">卢曦</examiner_name>
  <department name="审查部门">专利局初审及流程管理部</department>
  <phone name="联系电话">62356655</phone>
  <notice_template_code name="通知书模板代码">20070202</notice_template_code>
  <notice_version name="通知书版本号">2010.4</notice_version>
</cn_notice_info>

