<?xml version="1.0" encoding="UTF-8"?>
<!DOCTYPE dmh SYSTEM "20010101.dtd"><cn_notice_info>
  <notice_name name="通知书名称">专利申请受理通知书</notice_name>
  <postcode name="邮编">528400</postcode>
  <address_info name="收件人地址">广东省中山市石岐区学院路1号</address_info>
  <receiver_name name="收件人姓名">易子川(13590719378)</receiver_name>
  <notice_sent name="通知书发文信息">
    <notice_sent_serial name="发文序列号">2018080301507210</notice_sent_serial>
    <notice_sent_date name="发文日期">20180803</notice_sent_date>
    <notice_sent_type name="发文类型">0</notice_sent_type>
  </notice_sent>

  <application_number name="申请号或专利号">2018212470213</application_number>
  <application_date name="申请日">20180803</application_date>
  <applicant_info name="申请人信息">
    <applicant_name seq="1" name="申请人名称">电子科技大学中山学院</applicant_name>
  </applicant_info>

  <invention_title name="发明创造名称">一种温度采集报警装置</invention_title>
  <patent_agency name="代理机构信息">
    <agency_name name="代理机构名称"/>
    <agency_code name="代理机构代码"/>
    <agent_info seq="1" name="第一代理人信息">
      <agent_name name="代理人姓名"/>
      <agent_workid name="代理人工作证号"/>
      <agent_phone name="代理人电话"/>
    </agent_info>

    <agent_info seq="2" name="第二代理人信息">
      <agent_name name="代理人姓名"/>
      <agent_workid name="代理人工作证号"/>
      <agent_phone name="代理人电话"/>
    </agent_info>
  </patent_agency>

  <file_list>
    <file_info>
      <file seq="1">
        <file_name name="文件名称">说明书附图</file_name>
        <file_code name="文件代码">100003</file_code>
        <file_share name="文件份数">1</file_share>
        <file_page name="文件页数">3</file_page>
      </file>

      <file seq="2">
        <file_name name="文件名称">;;;;说明书摘要</file_name>
        <file_code name="文件代码"/>
        <file_share name="文件份数">1</file_share>
        <file_page name="文件页数">1</file_page>
      </file>

      <file seq="3">
        <file_name name="文件名称">;;;;摘要附图</file_name>
        <file_code name="文件代码"/>
        <file_share name="文件份数">1</file_share>
        <file_page name="文件页数">1</file_page>
      </file>

      <file seq="4">
        <file_name name="文件名称">;;;;权利要求书</file_name>
        <file_code name="文件代码"/>
        <file_share name="文件份数">1</file_share>
        <file_page name="文件页数">1</file_page>
      </file>

      <file seq="5">
        <file_name name="文件名称">;;;;说明书</file_name>
        <file_code name="文件代码"/>
        <file_share name="文件份数">1</file_share>
        <file_page name="文件页数">3</file_page>
      </file>

      <file seq="6">
        <file_name name="文件名称">;;;;实用新型专利请求书</file_name>
        <file_code name="文件代码"/>
        <file_share name="文件份数">1</file_share>
        <file_page name="文件页数">5</file_page>
      </file>
    </file_info>

    <file_sum name="文件总个数">6</file_sum>
  </file_list>

  <examiner_name name="审查员">自动受理</examiner_name>
  <department name="审查部门">专利局初审及流程管理部</department>
  <notice_template_code name="通知书模板代码">20010101</notice_template_code>
  <notice_version name="通知书版本号">2010.2</notice_version>
</cn_notice_info>